method,n_train,n_test,rmse,mae,r2,max_error,train_time,predict_time,noise_snr,normalized,config_kernel,config_smoothing,config_kernel_type,config_alpha,config_n_restarts_optimizer,config_kx,config_ky
rbf,10,2,4.464694442530247,3.485947352308159,-0.2615637966954141,6.275511390306966,0.0012073516845703125,0.00014495849609375,,False,thin_plate_spline,0.0,,,,,
kriging,10,2,3.9599134769455513,3.296658188768653,0.007576298729005448,5.490504020024712,0.46865129470825195,0.00039649009704589844,,False,,,rbf,1e-06,5.0,,
rbf,10,2,4.50488817129799,3.367339259594698,-3.452175448974229,6.3598371704866645,0.000213623046875,4.9591064453125e-05,,False,thin_plate_spline,0.0,,,,,
kriging,10,2,3.0934522208796413,2.3254115494984635,-1.0993800531709574,4.365486981516687,0.3672146797180176,0.00038814544677734375,,False,,,rbf,1e-06,5.0,,
rbf,10,2,8.954632210359254,6.476335435795326,-0.16256229189314886,12.66038890790124,0.00020575523376464844,5.1021575927734375e-05,,False,thin_plate_spline,0.0,,,,,
kriging,10,2,3.873327827088739,3.3209953748976737,0.782484986614695,5.314399040994491,0.28022241592407227,0.00037670135498046875,,False,,,rbf,1e-06,5.0,,
rbf,10,2,7.078440042774779,5.916331417386482,0.8239463836775545,9.802375163769565,0.00018978118896484375,4.649162292480469e-05,,False,thin_plate_spline,0.0,,,,,
kriging,10,2,6.4569185585071445,4.787275215154656,0.8535057926801242,9.120148774994583,0.2554187774658203,0.00040912628173828125,,False,,,rbf,1e-06,5.0,,
rbf,10,2,5.751899599028686,5.692336675900718,-15.066407991990364,6.517958965753608,0.0002429485321044922,5.817413330078125e-05,,False,thin_plate_spline,0.0,,,,,
kriging,10,2,2.660754707931031,2.6452588425319656,-2.43800003194267,2.9320013608015634,0.3699338436126709,0.0003464221954345703,,False,,,rbf,1e-06,5.0,,
rbf,20,5,3.2376449040542714,3.1268425716423525,-87.23522327229453,4.44902724476156,0.00019884109497070312,5.0067901611328125e-05,,False,thin_plate_spline,0.0,,,,,
spline,20,5,99.08126976757629,88.86760001765221,-82634.50520837732,139.30195096372364,0.0006158351898193359,5.459785461425781e-05,,False,,0.0,,,,3.0,3.0
kriging,20,5,7.329423378279161,5.7522727582858,-451.1923153035783,10.66838188001059,0.26734089851379395,0.00040078163146972656,,False,,,rbf,1e-06,5.0,,
rbf,20,5,0.49982236904750516,0.4025750752067035,0.9410823460518664,0.8016666198878495,0.00020456314086914062,5.412101745605469e-05,,False,thin_plate_spline,0.0,,,,,
spline,20,5,0.9908425304859182,0.905344184789481,0.7684614295613368,1.433868074989876,0.00030994415283203125,5.936622619628906e-05,,False,,0.0,,,,3.0,3.0
kriging,20,5,0.6030866918973377,0.479925517926997,0.9142224656728901,1.0171711493042723,0.30225443840026855,0.0003485679626464844,,False,,,rbf,1e-06,5.0,,
rbf,20,5,5.08556075455586,3.096819424986985,0.8012710681200782,11.072269824462907,0.00018548965454101562,4.696846008300781e-05,,False,thin_plate_spline,0.0,,,,,
spline,20,5,2.104886992324568,1.6904769709003156,0.9659559693405568,3.54129555099734,0.00022268295288085938,3.266334533691406e-05,,False,,0.0,,,,3.0,3.0
kriging,20,5,1.0162012658059771,0.7938435983369581,0.9920650742462382,1.8527339290660194,0.24560880661010742,0.0003085136413574219,,False,,,rbf,1e-06,5.0,,
rbf,20,5,0.9936801175595478,0.7778031317096057,0.9344897970210341,1.8302923492600076,0.00019431114196777344,5.364418029785156e-05,,False,thin_plate_spline,0.0,,,,,
spline,20,5,21.880581624605966,12.47027080001788,-30.76387432280775,47.134504330244056,0.00024628639221191406,2.9325485229492188e-05,,False,,0.0,,,,3.0,3.0
kriging,20,5,0.6048715112482498,0.48505299701174864,0.97572596324531,0.9589675578638426,0.2396073341369629,0.0003628730773925781,,False,,,rbf,1e-06,5.0,,
rbf,20,5,3.318128062331858,2.739712294805481,0.8631834612738666,5.112858409683938,0.00019979476928710938,6.246566772460938e-05,,False,thin_plate_spline,0.0,,,,,
spline,20,5,76.26361051136118,40.769657285132155,-71.27482290639627,169.0930824011465,0.0002200603485107422,2.7894973754882812e-05,,False,,0.0,,,,3.0,3.0
kriging,20,5,1.415059058614647,1.3499084762681044,0.975117074235521,1.797172241108722,0.2119426727294922,0.00032782554626464844,,False,,,rbf,1e-06,5.0,,
rbf,30,7,1.9813256746768526,1.2144887077008164,0.9875215355221143,4.734314438887768,0.0002257823944091797,5.650520324707031e-05,,False,thin_plate_spline,0.0,,,,,
spline,30,7,5.982446666973176,3.8815871628649075,0.8862354158507253,14.32751176045305,0.00022411346435546875,2.5987625122070312e-05,,False,,0.0,,,,3.0,3.0
kriging,30,7,0.753492145880357,0.5886685879881627,0.998195292297319,1.2354643807097219,0.25725817680358887,0.00038242340087890625,,False,,,rbf,1e-06,5.0,,
rbf,30,7,1.9710083588682428,1.2612249075063207,0.9911435377976753,4.724960047002575,0.00021147727966308594,5.1021575927734375e-05,,False,thin_plate_spline,0.0,,,,,
spline,30,7,14.074623584961126,9.179466095383829,0.5483968953498097,28.564143021411134,0.0002579689025878906,3.1948089599609375e-05,,False,,0.0,,,,3.0,3.0
kriging,30,7,4.945449569769083,3.123941509292932,0.9442435779942571,10.137824223289847,0.2399122714996338,0.0003998279571533203,,False,,,rbf,1e-06,5.0,,
rbf,30,7,1.8724510508197953,1.4261372798719183,0.987930755762433,4.173914993769198,0.000186920166015625,5.0067901611328125e-05,,False,thin_plate_spline,0.0,,,,,
spline,30,7,16.422451785886928,8.039863428200318,0.0716000244360504,42.72309054277825,0.00024437904357910156,2.7179718017578125e-05,,False,,0.0,,,,3.0,3.0
kriging,30,7,2.2276793345832453,1.682864280211495,0.9829169866031933,4.393779282667499,0.3019566535949707,0.00035262107849121094,,False,,,rbf,1e-06,5.0,,
rbf,30,7,1.436774880738848,0.9344151439035712,0.9857644205726939,3.0162837447427506,0.00022912025451660156,5.054473876953125e-05,,False,thin_plate_spline,0.0,,,,,
spline,30,7,3.563870397975799,2.3629783382871543,0.9124126271032834,7.64299676922359,0.00024247169494628906,2.9802322387695312e-05,,False,,0.0,,,,3.0,3.0
kriging,30,7,1.962879108726674,1.1161437650251749,0.9734304131560635,4.765328146871134,0.3341989517211914,0.0003299713134765625,,False,,,rbf,1e-06,5.0,,
rbf,30,7,1.235270826464956,0.8941401147589654,0.9692666088037963,2.6282057555974756,0.00020194053649902344,4.863739013671875e-05,,False,thin_plate_spline,0.0,,,,,
spline,30,7,2.4217498262540875,1.4735414429245786,0.8818742255069527,5.828287211091034,0.00024366378784179688,3.9577484130859375e-05,,False,,0.0,,,,3.0,3.0
kriging,30,7,0.5322651789139086,0.419369306954258,0.9942938625981628,0.8230527175046438,0.24661874771118164,0.00032258033752441406,,False,,,rbf,1e-06,5.0,,
rbf,50,12,3.6441095240873294,1.9761536200675884,0.9583107751846518,10.748803507726883,0.0003101825714111328,6.961822509765625e-05,,False,thin_plate_spline,0.0,,,,,
spline,50,12,3.5537392662463643,1.81154807597328,0.9603528385660673,10.74372886339976,0.0004367828369140625,4.76837158203125e-05,,False,,0.0,,,,3.0,3.0
kriging,50,12,2.227451432599654,1.218837638120508,0.9844239452832406,6.921756399270997,0.3717348575592041,0.0004000663757324219,,False,,,rbf,1e-06,5.0,,
rbf,50,12,1.6575012838931387,0.9041522510675789,0.9859372568190226,5.1432241889446,0.0003235340118408203,7.176399230957031e-05,,False,thin_plate_spline,0.0,,,,,
spline,50,12,2.887951880051225,1.2588553196665244,0.9573084223923575,9.590636425112606,0.0005700588226318359,3.933906555175781e-05,,False,,0.0,,,,3.0,3.0
kriging,50,12,2.092340185160241,0.813460075705108,0.9775907722283852,7.179536110683252,0.35753965377807617,0.0003573894500732422,,False,,,rbf,1e-06,5.0,,
rbf,50,12,1.5626595660981202,0.8934201677545182,0.9897942073817674,4.545725896058688,0.0003151893615722656,6.985664367675781e-05,,False,thin_plate_spline,0.0,,,,,
spline,50,12,34.61747544470783,11.174259828645768,-4.008512650413434,119.77790219045006,0.0005545616149902344,3.7670135498046875e-05,,False,,0.0,,,,3.0,3.0
kriging,50,12,1.4739106506046165,0.9549648360624362,0.9909205340631784,3.4656616369568383,0.5114877223968506,0.0003814697265625,,False,,,rbf,1e-06,5.0,,
rbf,50,12,4.570507968930853,2.6039841134930346,0.9422892786780113,12.803606011726352,0.00031757354736328125,6.723403930664062e-05,,False,thin_plate_spline,0.0,,,,,
spline,50,12,30.810862626845463,16.724966367941857,-1.6226194447513973,87.1756288058236,0.0005548000335693359,3.7670135498046875e-05,,False,,0.0,,,,3.0,3.0
kriging,50,12,2.0603560843151385,1.1867258035819497,0.9882723193737171,5.282828248771651,0.3217294216156006,0.0003333091735839844,,False,,,rbf,1e-06,5.0,,
rbf,50,12,3.0841440221666017,1.8370977142160534,0.9781022468644868,8.082443259939112,0.0003039836883544922,6.151199340820312e-05,,False,thin_plate_spline,0.0,,,,,
spline,50,12,9.60526011817318,5.511197829844744,0.7876029328812417,23.398876691589027,0.0004987716674804688,3.886222839355469e-05,,False,,0.0,,,,3.0,3.0
kriging,50,12,1.6573163140550984,0.955669661795234,0.9936767396209106,4.438962840851033,0.3672068119049072,0.00036907196044921875,,False,,,rbf,1e-06,5.0,,
rbf,75,18,3.42755778403684,2.2006452629711095,0.9363082871734402,7.498756539139514,0.000457763671875,0.00010514259338378906,,False,thin_plate_spline,0.0,,,,,
spline,75,18,74.82334391386458,24.9836797259279,-29.35201893704181,301.01923007836285,0.0008971691131591797,3.9577484130859375e-05,,False,,0.0,,,,3.0,3.0
kriging,75,18,2.225541335204732,1.3995094585210301,0.973147502317653,5.501545794768965,0.368011474609375,0.00040268898010253906,,False,,,rbf,1e-06,5.0,,
rbf,75,18,0.988974326673931,0.6191590656149285,0.9939046824190583,2.9093024563664294,0.0004723072052001953,0.00010156631469726562,,False,thin_plate_spline,0.0,,,,,
spline,75,18,22.346668179190036,7.209961234768828,-2.112087961788345,87.26333756525462,0.0009145736694335938,3.8623809814453125e-05,,False,,0.0,,,,3.0,3.0
kriging,75,18,0.936149211573426,0.5182184460734662,0.9945384431984544,2.7775904785633614,0.3992908000946045,0.0003285408020019531,,False,,,rbf,1e-06,5.0,,
rbf,75,18,0.8069648839749712,0.4160685687568872,0.9955882011902465,3.058206689485715,0.0003924369812011719,8.7738037109375e-05,,False,thin_plate_spline,0.0,,,,,
spline,75,18,4.514828827515495,1.9533506277775656,0.8619014860151926,16.334061324269335,0.0009639263153076172,4.076957702636719e-05,,False,,0.0,,,,3.0,3.0
kriging,75,18,0.5817800088614596,0.3345068872315309,0.9977068946136904,1.9271210044795382,0.42269158363342285,0.0003712177276611328,,False,,,rbf,1e-06,5.0,,
rbf,75,18,1.7865456195782436,1.0077292885737734,0.9875912011839029,5.0385914126906215,0.0004401206970214844,9.441375732421875e-05,,False,thin_plate_spline,0.0,,,,,
spline,75,18,29.075372042960513,8.73795048623776,-2.286639600485108,118.42887090825865,0.0009474754333496094,4.029273986816406e-05,,False,,0.0,,,,3.0,3.0
kriging,75,18,1.3752006468212188,0.6979128410867909,0.9926475232737572,3.890161276134961,0.34476280212402344,0.00033211708068847656,,False,,,rbf,1e-06,5.0,,
rbf,75,18,0.43471666017212257,0.30444176861762495,0.9974567316153172,1.2027391420916338,0.0004405975341796875,9.441375732421875e-05,,False,thin_plate_spline,0.0,,,,,
spline,75,18,1.2059294571471735,0.6220763067756071,0.9804285306906998,4.739940203603872,0.000885009765625,3.981590270996094e-05,,False,,0.0,,,,3.0,3.0
kriging,75,18,0.5602060932083844,0.388387417610603,0.9957764729499095,1.4343880109039109,0.46036672592163086,0.00037360191345214844,,False,,,rbf,1e-06,5.0,,
rbf,100,25,0.9135262216869382,0.48261157415467004,0.993379126796507,3.396297776070192,0.0006587505340576172,0.0001323223114013672,,False,thin_plate_spline,0.0,,,,,
spline,100,25,1.3214339494088787,0.645047376927862,0.9861463517770771,5.7267590633178695,0.0028128623962402344,4.2438507080078125e-05,,False,,0.0,,,,3.0,3.0
kriging,100,25,0.9674039676397558,0.46168392068103264,0.9925751281263865,3.702514026721218,0.5450448989868164,0.0003609657287597656,,False,,,rbf,1e-06,5.0,,
rbf,100,25,3.9628969277907236,1.751073944008867,0.9630937357153511,17.03442820452778,0.0006129741668701172,0.0001373291015625,,False,thin_plate_spline,0.0,,,,,
spline,100,25,225.3645932283762,103.58772015753856,-118.35645323835766,765.9997133601598,0.0020809173583984375,4.2438507080078125e-05,,False,,0.0,,,,3.0,3.0
kriging,100,25,1.3808756809913016,0.7653238277105087,0.995518909693905,4.9080208490833,0.5898737907409668,0.0003986358642578125,,False,,,rbf,1e-06,5.0,,
rbf,100,25,11.138606746711964,3.0241766955718763,0.41159675964975606,54.79023104301457,0.0005664825439453125,0.00014543533325195312,,False,thin_plate_spline,0.0,,,,,
spline,100,25,8725.58197131395,1746.1816044365612,-361077.90669307084,43627.90673310768,0.0016264915466308594,4.029273986816406e-05,,False,,0.0,,,,3.0,3.0
kriging,100,25,0.5986858360484557,0.30384094677198487,0.9983001473356103,2.6650317305212,0.566516637802124,0.0003719329833984375,,False,,,rbf,1e-06,5.0,,
rbf,100,25,1.259915200521303,0.632570753750975,0.9901082826552287,4.5967264470912355,0.0006058216094970703,0.00013589859008789062,,False,thin_plate_spline,0.0,,,,,
spline,100,25,534976.2420087787,106995.85281802155,-1783438171.8266282,2674881.2100382554,0.0018453598022460938,5.1021575927734375e-05,,False,,0.0,,,,3.0,3.0
kriging,100,25,1.184958803636655,0.6339067437377833,0.9912502514893546,3.8904588157222477,1.287952184677124,0.00045752525329589844,,False,,,rbf,1e-06,5.0,,
rbf,100,25,2.8683006332143646,1.4346381117880909,0.9657385855868944,9.423607564685732,0.0006227493286132812,0.00013065338134765625,,False,thin_plate_spline,0.0,,,,,
spline,100,25,90.72506265144227,19.78661549922289,-33.27760769108579,453.19347239218877,0.0015757083892822266,4.363059997558594e-05,,False,,0.0,,,,3.0,3.0
kriging,100,25,1.676096200406486,0.9673731140470323,0.9883008628164502,4.986078571935881,1.367720365524292,0.0004353523254394531,,False,,,rbf,1e-06,5.0,,
rbf,150,37,2.739378440893293,1.2939681098690692,0.9720591479100891,12.418546056828212,0.0011909008026123047,0.0002598762512207031,,False,thin_plate_spline,0.0,,,,,
spline,150,37,123.63317709252526,81.52150103852578,-55.912234701093084,345.39441670338806,0.005331277847290039,5.507469177246094e-05,,False,,0.0,,,,3.0,3.0
kriging,150,37,1.9655456311590398,0.9739669059302253,0.9856152658284152,8.00058887185397,1.2049059867858887,0.0005714893341064453,,False,,,rbf,1e-06,5.0,,
rbf,150,37,2.6247043295986945,1.0883296062198524,0.9704367227208701,9.945139674813952,0.0012204647064208984,0.0002739429473876953,,False,thin_plate_spline,0.0,,,,,
spline,150,37,39.10973141351953,7.298895963260533,-5.563892628841063,237.52313386134125,0.0033299922943115234,5.125999450683594e-05,,False,,0.0,,,,3.0,3.0
kriging,150,37,1.4297883199647756,0.6658969984309658,0.9912272593311031,7.056950257254201,3.051029682159424,0.0006363391876220703,,False,,,rbf,1e-06,5.0,,
rbf,150,37,3.1128409097786784,0.9710588133209633,0.9308225732218045,18.37371613104626,0.0012896060943603516,0.00030875205993652344,,False,thin_plate_spline,0.0,,,,,
spline,150,37,0.8599680809819986,0.51466980997058,0.9947202274159845,3.6401643319733186,0.0071446895599365234,5.984306335449219e-05,,False,,0.0,,,,3.0,3.0
kriging,150,37,0.9384404385472748,0.5202302700401178,0.9937127029427878,3.45547469312886,3.4656269550323486,0.0004894733428955078,,False,,,rbf,1e-06,5.0,,
rbf,150,37,6.842806386053187,1.8830670178790805,0.8209218369812127,40.88490429179964,0.0011785030364990234,0.0002818107604980469,,False,thin_plate_spline,0.0,,,,,
spline,150,37,15912.049170408989,2620.018283800592,-968335.6087402708,96789.17209355316,0.0029211044311523438,4.7206878662109375e-05,,False,,0.0,,,,3.0,3.0
kriging,150,37,1.6837942364884875,0.9226485773389846,0.989156932434365,5.89622196419397,0.7475595474243164,0.0004911422729492188,,False,,,rbf,1e-06,5.0,,
rbf,150,37,1.5223361843602936,0.8038209501972262,0.99089320602405,4.917245464654723,0.0011603832244873047,0.00024819374084472656,,False,thin_plate_spline,0.0,,,,,
spline,150,37,184.44486071450387,32.10013745602046,-132.68340187644324,1121.295592183921,0.0026764869689941406,5.078315734863281e-05,,False,,0.0,,,,3.0,3.0
kriging,150,37,1.285120197978712,0.7224102435326141,0.9935101916802651,4.080421519165469,0.8740508556365967,0.0004832744598388672,,False,,,rbf,1e-06,5.0,,
rbf,100,50,1.2732453370678787,0.6519321775002284,0.9909680869019337,6.149718349671495,0.0005958080291748047,0.00027298927307128906,40.0,False,thin_plate_spline,0.0,,,,,
spline,100,50,98.15926632099885,50.10213221092781,-52.680699810022276,377.03886487123395,0.0028121471405029297,5.698204040527344e-05,40.0,False,,0.0,,,,3.0,3.0
kriging,100,50,0.9731420238717895,0.4898755229442356,0.9947239607662313,4.807063855795867,0.9128339290618896,0.0004146099090576172,40.0,False,,,rbf,1e-06,3.0,,
rbf,100,50,2.8769407340536346,1.2452757225978284,0.9630018208118066,16.147271146636555,0.0006613731384277344,0.00022864341735839844,40.0,False,thin_plate_spline,0.0,,,,,
spline,100,50,7818.626033191346,1327.3205539379571,-273261.1009900387,53881.590531903275,0.0017824172973632812,6.4849853515625e-05,40.0,False,,0.0,,,,3.0,3.0
kriging,100,50,2.0637071657489203,0.9473462084047138,0.9809622918394156,9.476930205585361,0.4833090305328369,0.00044655799865722656,40.0,False,,,rbf,1e-06,3.0,,
rbf,100,50,1.80218551678492,0.9836675625016065,0.985893101238764,7.479119521355258,0.0007197856903076172,0.0002982616424560547,40.0,False,thin_plate_spline,0.0,,,,,
spline,100,50,17.852740107691016,4.516301135102603,-0.3843385877365275,108.50301569185686,0.00272369384765625,5.030632019042969e-05,40.0,False,,0.0,,,,3.0,3.0
kriging,100,50,1.0001147919904605,0.5706002622079697,0.9956555754358247,4.054796397960111,0.33683061599731445,0.0005481243133544922,40.0,False,,,rbf,1e-06,3.0,,
rbf,100,50,2.17959922793979,1.1559458719507874,0.9791836569483129,9.08756452551707,0.0008144378662109375,0.00023889541625976562,40.0,False,thin_plate_spline,0.0,,,,,
spline,100,50,20.673676156954894,4.675711446977,-0.8727791411563739,140.22564499267406,0.0015892982482910156,9.1552734375e-05,40.0,False,,0.0,,,,3.0,3.0
kriging,100,50,1.2027047990823987,0.6553463630186976,0.9936617519212985,4.521791313542703,0.38800859451293945,0.000453948974609375,40.0,False,,,rbf,1e-06,3.0,,
rbf,100,50,3.4485165612856217,1.1720502026564221,0.9399505587258022,20.33439997592052,0.0006966590881347656,0.00023627281188964844,40.0,False,thin_plate_spline,0.0,,,,,
spline,100,50,4.606957782124353,1.3644231721771627,0.8928301053637597,29.147955401192874,0.0014729499816894531,5.316734313964844e-05,40.0,False,,0.0,,,,3.0,3.0
kriging,100,50,1.1336278125501815,0.5389972019562003,0.9935108871979048,4.407653028569392,0.3280794620513916,0.0004646778106689453,40.0,False,,,rbf,1e-06,3.0,,
rbf,100,50,2.440079623635127,1.5205620672725046,0.9659233086174434,7.870507609977562,0.0006740093231201172,0.00023746490478515625,30.0,False,thin_plate_spline,0.0,,,,,
spline,100,50,8.43830249057485,1.9704655595142462,0.5924699819382704,58.6356883382035,0.0018794536590576172,0.0001251697540283203,30.0,False,,0.0,,,,3.0,3.0
kriging,100,50,1.0348102633435123,0.5950688536681794,0.9938712644911566,3.418209292558039,0.3410665988922119,0.0004794597625732422,30.0,False,,,rbf,1e-06,3.0,,
rbf,100,50,3.8844308950031143,2.0815717814568835,0.8685407991344081,12.88156089100746,0.0006330013275146484,0.0002167224884033203,30.0,False,thin_plate_spline,0.0,,,,,
spline,100,50,3456.052118076737,1131.9201213995516,-104062.09895139323,18952.590255454154,0.002607583999633789,6.0558319091796875e-05,30.0,False,,0.0,,,,3.0,3.0
kriging,100,50,0.9736232698776975,0.5078965338438028,0.9917411785166003,4.163821291554772,0.31166815757751465,0.0005071163177490234,30.0,False,,,rbf,1e-06,3.0,,
rbf,100,50,3.5901026329359635,1.9088931396868207,0.9404561622016667,13.629690207019038,0.0006113052368164062,0.0002665519714355469,30.0,False,thin_plate_spline,0.0,,,,,
spline,100,50,2510.8289724232186,443.75189876849385,-29123.42481103818,17537.880628167797,0.0029320716857910156,5.745887756347656e-05,30.0,False,,0.0,,,,3.0,3.0
kriging,100,50,1.2917782524912675,0.7094304928870865,0.9922909824923065,4.862996777690853,0.4124338626861572,0.0005114078521728516,30.0,False,,,rbf,1e-06,3.0,,
rbf,100,50,1.9805725870164836,1.2774770902503445,0.9793620602484973,6.566308861595271,0.0006196498870849609,0.00027298927307128906,30.0,False,thin_plate_spline,0.0,,,,,
spline,100,50,765.6099119794422,150.99850800948462,-3082.8973065860564,5272.291535682676,0.0021965503692626953,6.556510925292969e-05,30.0,False,,0.0,,,,3.0,3.0
kriging,100,50,1.636091197099077,0.8981652374364737,0.9859168492294172,4.577100210124488,0.2995283603668213,0.00046825408935546875,30.0,False,,,rbf,1e-06,3.0,,
rbf,100,50,7.972786677964866,2.7180255970878324,0.7132580456718234,38.68390042317753,0.0005974769592285156,0.0002887248992919922,30.0,False,thin_plate_spline,0.0,,,,,
spline,100,50,104524.63078990155,23623.04025386476,-49284258.651243545,609199.4767194195,0.003209829330444336,6.318092346191406e-05,30.0,False,,0.0,,,,3.0,3.0
kriging,100,50,1.8213361404629351,0.858087547633007,0.985035880654573,6.915945230994929,0.4106175899505615,0.00044274330139160156,30.0,False,,,rbf,1e-06,3.0,,
rbf,100,50,6.337379682313751,3.4523395600622906,0.7836952899198304,32.679083785421696,0.0007152557373046875,0.0002276897430419922,20.0,False,thin_plate_spline,0.0,,,,,
spline,100,50,23242.989646878472,3300.5533448792175,-2909580.318511291,164352.2548719571,0.0018167495727539062,6.031990051269531e-05,20.0,False,,0.0,,,,3.0,3.0
kriging,100,50,1.4152056562795656,0.8043016323710894,0.989213373688235,7.060771701119954,0.5997543334960938,0.000629425048828125,20.0,False,,,rbf,1e-06,3.0,,
rbf,100,50,6.429734347736322,3.461516403944043,0.7990042820156733,37.24326320970188,0.0005986690521240234,0.00027298927307128906,20.0,False,thin_plate_spline,0.0,,,,,
spline,100,50,157.2390010788327,45.014462000264764,-119.20465817494284,967.0054629320241,0.0018739700317382812,6.031990051269531e-05,20.0,False,,0.0,,,,3.0,3.0
kriging,100,50,1.5181970935360094,0.9077591668358359,0.9887938338618193,6.560928328329183,1.2916810512542725,0.0009579658508300781,20.0,False,,,rbf,1e-06,3.0,,
rbf,100,50,6.572096332035727,3.2904985821953905,0.7950007463619834,23.005867181318063,0.0013909339904785156,0.0005311965942382812,20.0,False,thin_plate_spline,0.0,,,,,
spline,100,50,35.74445137392181,10.324183990164899,-5.06403515025118,205.64092739328956,0.003926277160644531,0.00012564659118652344,20.0,False,,0.0,,,,3.0,3.0
kriging,100,50,1.4509354175990246,0.8810742514265862,0.9900082720032427,6.989299372365906,1.0086915493011475,0.00167083740234375,20.0,False,,,rbf,1e-06,3.0,,
rbf,100,50,3.6832344630007743,2.8779625682988925,0.932796505499176,9.519751769736345,0.001409292221069336,0.0005412101745605469,20.0,False,thin_plate_spline,0.0,,,,,
spline,100,50,23.19258085079481,6.477210387422832,-1.6645954615437932,143.7972146777018,0.003820180892944336,0.00014662742614746094,20.0,False,,0.0,,,,3.0,3.0
kriging,100,50,1.566634096628892,1.0170903676870373,0.9878418282473341,6.992311670519761,0.8952236175537109,0.0009391307830810547,20.0,False,,,rbf,1e-06,3.0,,
rbf,100,50,3.7618256766042646,2.561252047239465,0.900211329384971,10.495821073607475,0.0013937950134277344,0.0005526542663574219,20.0,False,thin_plate_spline,0.0,,,,,
spline,100,50,9.292902159020791,2.920396051858958,0.39104299102269646,62.28392015224378,0.004073619842529297,0.00013709068298339844,20.0,False,,0.0,,,,3.0,3.0
kriging,100,50,1.0879112280680392,0.6470654534020942,0.9916541452472752,4.024880158814064,1.4380567073822021,0.0009713172912597656,20.0,False,,,rbf,1e-06,3.0,,
rbf,100,50,2.0657081081871387,1.4356509600141718,0.9688442071032418,7.480239019545586,0.0013897418975830078,0.0005285739898681641,15.0,False,thin_plate_spline,0.1,,,,,
spline,100,50,88.44091345182262,29.165498657849575,-56.109366002571726,513.0416872788792,0.0039539337158203125,0.0001289844512939453,15.0,False,,1.0,,,,3.0,3.0
kriging,100,50,1.7324807436956904,1.2534381893319777,0.9780851888610556,6.701878679215639,1.6335110664367676,0.0009555816650390625,15.0,False,,,rbf,0.001,3.0,,
rbf,100,50,2.201072035514234,1.6449947060573813,0.9743867476516643,6.31948031351461,0.0013539791107177734,0.0005412101745605469,15.0,False,thin_plate_spline,0.1,,,,,
spline,100,50,13.445954639046407,4.841668512797202,0.044172547968261866,74.27086415404597,0.0037963390350341797,0.00012350082397460938,15.0,False,,1.0,,,,3.0,3.0
kriging,100,50,1.8096817281269055,1.3622055654838772,0.9826858721960177,5.341601585509046,1.1966683864593506,0.0009386539459228516,15.0,False,,,rbf,0.001,3.0,,
rbf,100,50,2.598567720241098,1.9266665994571097,0.9761462560232976,8.74281831945877,0.001405477523803711,0.0005249977111816406,15.0,False,thin_plate_spline,0.1,,,,,
spline,100,50,45.19427931607727,13.556027575097657,-6.215316826217447,219.1587991042351,0.004141092300415039,0.00012922286987304688,15.0,False,,1.0,,,,3.0,3.0
kriging,100,50,1.997598479323327,1.297336366425196,0.9859037084829539,8.2225048368174,0.9957196712493896,0.0009310245513916016,15.0,False,,,rbf,0.001,3.0,,
rbf,100,50,1.7982249618745905,1.3307843917048812,0.9807376173670287,7.266183892680409,0.0013890266418457031,0.0005342960357666016,15.0,False,thin_plate_spline,0.1,,,,,
spline,100,50,3.2006061473257517,2.323193915614672,0.9389780008301614,9.852933466036038,0.003797769546508789,0.00012302398681640625,15.0,False,,1.0,,,,3.0,3.0
kriging,100,50,1.4621945176856972,0.9627344362679012,0.9872640230599101,6.841422846368765,1.184018611907959,0.0011093616485595703,15.0,False,,,rbf,0.001,3.0,,
rbf,100,50,1.8324089648558735,1.2098195858309209,0.9862130501050513,5.449491802684065,0.0013735294342041016,0.0005640983581542969,15.0,False,thin_plate_spline,0.1,,,,,
spline,100,50,53.93350865502261,16.549327417123248,-10.943750709855108,293.12508394598626,0.0038030147552490234,0.0001385211944580078,15.0,False,,1.0,,,,3.0,3.0
kriging,100,50,1.787692075172043,1.1923472874911842,0.9868777347743465,5.961225138912695,5.014564752578735,0.0010247230529785156,15.0,False,,,rbf,0.001,3.0,,
rbf,100,50,3.2700864829902563,2.67969545704187,0.9542809309995277,6.290417364136847,0.0013899803161621094,0.0006842613220214844,10.0,False,thin_plate_spline,0.1,,,,,
spline,100,50,48.68381826710941,19.761370790080196,-9.133236207870507,254.6395019543229,0.0037643909454345703,0.00013756752014160156,10.0,False,,1.0,,,,3.0,3.0
kriging,100,50,1.8755473802908367,1.5668117992559167,0.9849604451900595,5.728521270573612,4.269662380218506,0.0009543895721435547,10.0,False,,,rbf,0.001,3.0,,
rbf,100,50,4.155973501556779,2.750709542918477,0.9418339534219591,14.810151678639237,0.0014569759368896484,0.0005290508270263672,10.0,False,thin_plate_spline,0.1,,,,,
spline,100,50,88.55237361676541,22.825520466959375,-25.4073256224134,579.8293874809885,0.004256010055541992,0.00012731552124023438,10.0,False,,1.0,,,,3.0,3.0
kriging,100,50,3.0490658046917276,1.8731559335088985,0.9686918358765793,11.771393955192416,4.995384931564331,0.0009388923645019531,10.0,False,,,rbf,0.001,3.0,,
rbf,100,50,2.734241027848829,1.8726066302360445,0.9532967192920518,8.194439305158227,0.0014925003051757812,0.0005419254302978516,10.0,False,thin_plate_spline,0.1,,,,,
spline,100,50,15.073661928561384,5.616699193540232,-0.4194213686403361,99.72175483385388,0.0038318634033203125,0.00012564659118652344,10.0,False,,1.0,,,,3.0,3.0
kriging,100,50,1.7472305599960298,1.3423328578043978,0.9809289663752411,5.62866919984949,4.834868669509888,0.0009949207305908203,10.0,False,,,rbf,0.001,3.0,,
rbf,100,50,2.2521228535183697,1.8573764678279157,0.9804015701309984,5.842671198532381,0.0031337738037109375,0.0006647109985351562,10.0,False,thin_plate_spline,0.1,,,,,
spline,100,50,58.23170855756076,28.144395568908504,-12.102560976688634,170.88210654357152,0.0077440738677978516,0.00014257431030273438,10.0,False,,1.0,,,,3.0,3.0
kriging,100,50,2.1644407968625377,1.3852809099416066,0.9818979172289046,7.696911516996515,4.555516004562378,0.00024628639221191406,10.0,False,,,rbf,0.001,3.0,,
rbf,100,50,3.073692719504054,2.0535242369885998,0.9617920428898695,10.77476179918164,0.00030350685119628906,0.00011968612670898438,10.0,False,thin_plate_spline,0.1,,,,,
spline,100,50,13.773740988177375,5.890317706403204,0.23275026943451416,77.59836396946655,0.0008003711700439453,2.8133392333984375e-05,10.0,False,,1.0,,,,3.0,3.0
kriging,100,50,2.6183198003466623,1.8886369779044072,0.9722745693454062,9.40329562763273,3.1216180324554443,0.00023508071899414062,10.0,False,,,rbf,0.001,3.0,,
